2518,2280,0.19847981481481466,0.23299055555555576,0,0,0.5
2836,2375,0.328126666666667,0.34725750000000016,12,12,1.0
2376,2835,0.2429383333333341,0.33838000000000085,-6,-6,0.0
1931,2189,0.40283041666666697,0.16478625,0,0,0.5
2136,1939,0.11198666666666635,0.1084755555555558,7,7,1.0
1849,2288,0.07163291666666675,-0.0187018055555555,-1,-1,0.0
1981,2189,0.01432124999999993,0.04441611111111104,0,0,0.0
1764,2330,0.0946348611111108,0.029359444444444584,5,5,1.0
2305,2004,0.03758666666666656,0.07875444444444435,-3,-3,0.0
3050,2740,0.2685411111111105,0.17280888888888835,-1,-1,1.0
1705,2362,0.39270555555555525,0.26600444444444404,-1,-1,1.0
2064,1975,0.8441855555555561,0.9934444444444429,0,0,0.5
2128,2232,0.0003744444444446387,0.002021111111111129,11,11,0.0
2731,2783,0.19114555555555507,0.174535555555555,1,1,1.0
1924,2121,0.03719999999999948,0.5059866666666667,9,9,0.0
2374,2492,-0.36736847222222224,-0.5204059722222223,0,0,0.5
2378,2494,-0.41954208333333326,-0.41716944444444437,-2,-2,0.0
2373,2553,0.056268888888888556,-0.24910347222222223,-1,-1,0.0
2554,2400,-0.41750083333333343,-0.4853240277777775,0,0,0.5
2501,2587,-0.47447611111111127,-0.42826361111111133,0,0,0.5
2531,2650,-0.43506152777777796,-0.42761430555555596,-3,-3,0.5
2549,2673,-0.44585166666666687,-0.4659081944444443,0,0,0.5
2793,2571,-0.12190374999999998,-0.25628708333333333,3,3,1.0
2412,2365,0.46547444444444475,0.02650000000000009,-3,-3,0.5
2177,2336,-0.10709291666666665,-0.14579916666666676,-1,-4,0.0
2459,2202,-0.18167819444444475,-0.18033208333333314,-1,-1,0.0
2399,2539,-0.1924302777777775,-0.16757361111111105,0,0,0.0
2616,2417,-0.12834374999999978,-0.11393361111111121,0,0,0.5
2658,2371,-0.14823569444444426,-0.18618541666666677,1,1,1.0
2425,2548,-0.06454555555555534,-0.3477902777777778,-1,-1,0.5
2776,2738,0.14067444444444435,0.391884444444444,2,1,1.0
2738,2033,0.6506716666666665,0.5532133333333329,1,1,1.0
1744,2307,0.26768333333333344,0.11866777777777783,1,1,0.0
2017,1996,0.6303800000000002,0.9934444444444429,3,3,1.0
1996,2017,0.9934444444444429,0.6850088888888886,0,-1,0.5
2025,2013,0.7280011111111112,0.9934444444444429,2,-7,0.0
1927,2133,0.1193233333333335,0.07579666666666654,-4,-4,0.0
1978,2155,0.23425236111111156,0.1163800000000001,0,0,0.5
2239,2098,0.5342056944444441,0.2629626388888888,1,1,1.0
1903,2100,0.19007680555555503,0.22091111111111073,0,0,0.5
2415,2423,0.23738680555555558,0.09781986111111092,1,0,1.0
2086,2338,0.23442805555555554,0.18449555555555563,1,1,0.5
2437,2744,0.46017166666666715,0.236294166666666,0,0,0.5
2742,2439,0.11537416666666642,0.5231808333333333,2,1,1.0
2028,2020,0.5834177777777773,0.9934444444444429,4,3,1.0
2587,2681,0.26948916666666656,0.058545833333333214,3,3,1.0
1807,2314,0.23551666666666696,0.06300111111111105,2,2,1.0
2741,2777,0.22170222222222158,0.20017444444444402,0,0,0.5
2369,2508,0.014691666666666794,0.013499166666666756,5,5,0.0
2139,1888,0.2538855555555556,0.45846777777777775,1,0,1.0
1835,2198,0.26986777777777804,0.992433333333334,0,0,0.0
2683,2585,0.12423333333333303,0.34212916666666676,-2,-2,0.5
2740,2778,0.7131377777777768,0.17180888888888832,3,3,0.5
2398,2505,-0.39722541666666666,-0.22142513888888848,1,1,0.5
2400,2522,-0.2745069444444443,-0.4619168055555556,-1,-1,0.0
2225,2554,-0.42874972222222246,-0.241348611111111,1,1,0.5
2587,2489,-0.42034069444444444,-0.5508663888888888,-1,-1,0.5
2737,2781,0.5711099999999997,0.1028999999999996,0,0,0.5
1871,2154,0.07801388888888902,0.5668952777777777,-5,-5,0.0
1875,2205,0.29899430555555556,-0.1903843055555555,1,1,0.5
2248,1865,0.30027444444444407,-0.07226902777777762,2,1,1.0
2301,2033,0.055143333333333426,0.10553694444444447,-1,-1,0.5
2139,2353,-0.04324555555555541,0.07776513888888868,4,-4,0.0
2833,2372,0.39465583333333415,0.30772416666666763,2,2,1.0
2168,2342,-0.14683833333333332,-0.2479463888888888,2,2,1.0
2202,2388,-0.14182500000000003,-0.17716750000000003,-3,-3,0.0
2364,2486,-0.2736329166666663,-0.052240833333333486,0,0,0.5
2407,2523,-0.2590711111111108,0.0079045833333334,0,0,0.5
2566,2406,-0.20684319444444427,-0.2048959722222224,1,1,1.0
2575,2422,0.4191199999999999,0.5356581944444445,2,1,1.0
2774,2744,0.20887888888888867,0.9013355555555544,1,1,1.0
2160,1909,0.16543541666666653,0.3549849999999998,3,3,1.0
2743,2775,0.7211633333333325,0.3938166666666657,5,0,0.5
2776,2742,0.09319111111111113,0.41192222222222175,-1,-1,0.5
2197,2061,0.18998222222222233,0.4843255555555554,0,0,1.0
2049,2208,0.19231333333333334,0.1564944444444444,3,3,1.0
2315,2022,0.5212487499999997,0.4388113888888888,2,2,1.0
2299,2450,0.46461069444444464,0.5388588888888889,-3,-3,0.0
2330,2172,0.45084916666666625,0.5430547222222218,-1,-1,0.0
2398,2144,0.27512500000000034,0.6200625000000001,-5,-5,0.0
2603,2300,0.658175416666667,0.7292619444444445,0,0,0.5
2740,2030,0.5137024999999997,0.12494916666666638,0,0,1.0
2185,2682,0.3743066666666666,0.1340941666666667,1,1,0.0
2095,1955,0.042945000000000066,0.08209333333333325,2,2,1.0
2770,2764,0.11127083333333473,0.6629075000000023,-1,-1,1.0
2325,2533,-0.3059030555555557,-0.3578674999999997,0,0,0.0
2534,2420,-0.3565694444444447,-0.4571761111111112,1,1,0.5
2556,2432,-0.2808715277777776,-0.2301643055555558,0,0,1.0
2446,2587,-0.4084779166666669,-0.41119236111111107,-1,-1,0.5
2468,2650,-0.5205662499999999,-0.12425291666666669,0,0,0.0
2571,2445,-0.27197027777777766,-0.4465823611111113,2,2,1.0
2694,2571,-0.4270569444444445,-0.056801111111111156,1,1,0.5
2588,2745,-0.3557752777777777,-0.05271416666666668,-1,-1,0.5
2501,2647,-0.31386361111111105,-0.48006861111111077,0,0,0.5
1874,2268,0.9942156862745085,0.8996588235294118,-7,-7,0.0
2262,1880,0.885636274509804,0.9941833333333321,11,11,1.0
2258,1884,0.8333029411764702,0.9942156862745085,12,12,1.0
1886,2256,0.9942156862745085,0.7916529411764701,-10,-10,0.0
2693,2607,-0.3205566666666667,-0.41931555555555555,0,0,0.5
2622,2652,-0.3669481944444444,-0.07784361111111092,1,1,1.0
1815,2222,-0.0023011111111109284,0.19591222222222243,-1,-1,0.0
1816,2248,0.13383097222222193,0.0950483333333336,1,1,0.5
2269,1910,0.1588426388888889,0.05362402777777758,1,1,1.0
1981,2457,0.18183777777777776,0.1037947222222222,0,0,0.0
2119,2390,-0.1939012499999998,-0.15124152777777802,1,1,0.5
2421,2164,-0.22174430555555574,-0.14079847222222217,1,1,1.0
2804,2767,0.5397283333333334,-0.037874444444444426,0,-1,0.5
2762,2772,0.33989916666666825,0.7047366666666696,2,2,1.0
2753,2781,0.1272933333333341,0.0817408333333341,4,4,1.0
2336,1857,0.1088988888888889,0.21859888888888884,14,9,1.0
2422,2639,0.9154087499999999,0.8015062500000002,-1,-1,0.0
1944,2244,0.9581537500000001,0.9585200000000001,2,1,0.5
1915,2093,0.954106388888889,0.9505034722222223,-2,-2,0.0
2089,2043,0.8956459722222216,0.8265618055555554,1,1,1.0
2152,1940,0.15832222222222217,0.2242522222222225,0,0,0.5
2326,2155,0.2238508333333336,0.10853124999999977,1,1,1.0
2468,2384,0.1816400000000001,0.3997155555555549,4,4,1.0
2348,2479,-0.3262409722222223,-0.18715166666666683,2,2,0.5
2398,2512,-0.2732777777777779,-0.36386541666666666,0,0,0.0
2540,2418,-0.48911388888888896,-0.3489338888888886,2,2,1.0
2466,2593,-0.5139915277777778,-0.3243659722222223,1,1,0.5
2609,2458,-0.2424920833333334,-0.35431847222222196,1,1,1.0
2522,2681,-0.3492487499999998,-0.270486111111111,0,0,1.0
2737,2549,0.06887430555555557,-3.6661488888888885,0,0,0.5
1901,2128,0.2450966666666669,0.15416555555555567,-7,-7,0.0
2740,2783,0.06928833333333399,0.06629333333333376,2,1,0.5
2008,2263,0.9934444444444429,0.8259277777777779,0,0,0.5
2070,2233,0.9915555555555549,0.6160944444444442,2,2,1.0
1912,2269,0.39781222222222223,0.46165444444444437,-4,-4,0.0
2738,2785,0.05417416666666766,0.03551750000000064,-2,-2,0.5
2032,1997,0.047338888888889076,0.9934444444444429,-1,-1,0.0
2736,2787,0.2514658333333343,0.5180416666666674,0,0,0.5
2531,2697,-0.393845,-0.3131177777777776,5,-4,0.5
2671,2693,-0.27930944444444467,-0.4571584722222222,0,0,0.0
2780,2743,0.6853308333333352,0.07096000000000081,1,1,1.0
1983,2165,0.5188333333333335,0.47681999999999974,15,7,1.0
2407,1947,0.07174333333333388,0.3638833333333333,-13,-13,0.0
1991,2388,0.017477222222222227,0.1670429166666665,-2,-2,0.0
2829,2411,0.39738730158730257,0.08134047619047716,1,1,1.0
2742,2781,0.3066588888888882,0.6853288888888881,1,1,0.5
2215,1869,0.6028877777777779,0.45652486111111096,-1,-1,1.0
2591,2785,0.26573833333333324,0.7666294444444467,0,0,0.5
2272,2052,0.4726133333333332,0.9934444444444429,4,4,1.0
2353,2578,-0.12164347222222277,-0.2108344444444444,-1,-1,0.0
2361,2565,0.11596736111111108,-0.009015138888888895,0,0,0.0
2190,1878,0.05882444444444438,0.29359111111111136,-10,-10,0.0
2056,2268,0.9934444444444429,0.6965177777777778,-1,-2,0.0
1899,2226,0.2294733333333333,0.18937333333333306,-1,-1,0.5
2019,1999,0.4482577777777778,0.1257111111111113,4,4,1.0
2223,2800,0.5620166666666664,0.11882833333333302,0,0,1.0
2050,2269,0.9934444444444429,0.5964333333333333,-3,-3,0.0
1868,2671,0.1856266666666668,0.1467374999999998,0,0,0.0
2315,2047,0.739503611111111,0.6205130555555554,-6,-6,0.0
1880,2262,0.9942156862745085,0.7507745098039217,1,1,0.5
2252,1890,0.8391284313725487,0.9942156862745085,10,9,1.0
1892,2250,0.9942156862745085,0.8236647058823532,-1,-1,0.0
2587,2398,0.3855391666666668,0.45837666666666727,0,0,1.0
2175,2389,0.3450822222222224,0.20388122222222155,1,1,0.5
2740,2802,0.24398833333333292,0.37510083333333283,0,0,0.5
2497,2629,-0.40994249999999993,-0.29652930555555573,0,-1,0.0
2792,2640,-0.21081972222222223,-0.30186430555555566,1,1,1.0
2229,2412,0.16240583333333333,0.2325191666666669,8,8,1.0
2396,2353,0.2811680555555556,0.26977499999999976,4,3,0.5
2589,2361,0.21057250000000005,0.41620819444444457,2,2,1.0
2140,2074,0.21622750000000004,0.3291691666666667,-2,-2,0.0
2802,2739,0.4289291666666662,0.15358833333333302,-1,-1,0.5
1967,2077,0.048284444444444664,0.02609444444444462,-2,-2,1.0
2080,1964,0.014638888888888915,0.0886755555555555,2,2,0.5
2062,1976,0.9929866666666667,0.030896666666666576,1,1,1.0
2259,2072,0.7667122222222221,0.9934444444444429,1,0,1.0
2596,2660,0.21531000000000006,0.12210249999999997,1,0,0.0
2179,2385,0.2866205555555558,0.3813532222222212,2,2,0.0
2109,2091,0.03402111111111114,0.04536555555555557,-10,-10,0.0
2522,2340,0.8033263888888893,0.5596187499999999,0,-1,1.0
2374,2534,0.8094298611111111,0.612384027777778,0,0,0.5
2446,2610,0.7193587499999993,0.6781904166666671,1,1,0.5
2466,2571,0.8658316666666662,0.7567077777777776,-1,-1,0.5
2533,2613,0.6067118055555555,0.5042938888888892,1,1,0.5
2547,2724,0.5758843055555555,0.5935894444444446,-1,-2,0.0
2098,2161,0.0031688888888888023,0.001620000000000089,0,0,0.0
2312,2592,0.3907383333333332,0.1701141666666667,-2,-2,0.0
2020,2359,0.263947777777778,0.17203333333333354,-2,-2,0.5
2592,2671,0.29195333333333356,0.24783249999999987,1,1,0.5
2796,2596,0.127013333333334,0.2524161111111112,2,2,1.0
2549,2401,0.7020545833333333,0.6094544444444446,2,2,0.5
2561,2427,0.5570923611111113,0.6606968055555557,2,-3,0.5
2527,2432,0.6360144444444447,0.5840956944444441,1,1,1.0
2448,2588,0.6415981944444441,0.737175277777778,-1,-1,0.0
2482,2682,0.6344690277777777,0.6604541666666663,0,0,0.0
2489,2711,0.6397206944444442,0.7127780555555555,3,3,1.0
2781,2502,0.6732158333333333,0.730441388888889,1,1,1.0
2449,2595,0.7326915277777779,0.6465509722222221,0,0,0.5
2597,2746,0.20638499999999996,0.266225833333333,0,0,0.5
2403,2572,0.3334099999999994,0.19210555555555556,-1,-1,0.0
2567,2750,0.05957246376811596,0.05707173913043483,0,0,0.5
2181,2332,0.3015058333333335,0.24063638888888939,0,0,0.0
2680,2655,-0.2666391666666666,-0.36208791666666673,-2,-2,0.5
2834,2792,-0.3505926388888893,-0.31496791666666657,1,1,1.0
2433,2600,0.3936458333333333,0.2877191666666666,-1,-1,0.5
2599,2671,-0.28446805555555527,-0.050805972222222294,2,2,0.5
2043,2181,-0.2151509722222223,-0.11193361111111133,-2,-2,0.0
2008,2139,0.13564666666666664,0.2318016666666666,-1,-1,0.0
2197,2294,0.22518347222222235,0.5100201388888888,1,1,1.0
2266,2116,0.3300881944444446,0.4215568055555552,5,5,1.0
2318,2328,0.5520955555555555,0.7037797222222221,0,0,1.0
2129,2301,0.6216780555555554,0.7585611111111112,0,0,0.5
2142,2222,0.1904058333333332,0.2596783333333333,1,0,0.5
1899,2364,0.039601111111111344,0.37915222222222267,0,0,0.0
2559,2673,0.20127222222222244,0.21034333333333327,0,0,0.5
2676,2555,0.2854433333333334,0.20634333333333368,2,2,0.5
2670,2602,0.22378499999999985,0.18130750000000043,3,3,1.0
2563,2664,0.19519444444444445,0.3633344444444443,-3,-3,0.0
2658,2572,0.35728777777777776,0.1724533333333332,7,6,1.0
2569,2660,0.3332888888888885,0.33315666666666655,0,0,0.5
2579,2654,0.2141811111111109,0.24247222222222187,0,-1,0.0
2647,2590,0.2867177777777775,0.3068155555555551,1,1,1.0
1826,2190,0.5411044444444445,0.2705266666666674,5,5,1.0
2245,2573,0.03883249999999958,-0.005030000000000119,-1,-2,0.0
2579,2252,-0.25827416666666647,0.09904999999999978,1,1,0.5
2254,2580,0.05009624999999975,0.26996625000000013,-2,-2,0.0
2276,2605,-0.06802500000000064,0.43877527777777736,-1,-1,0.5
2623,2305,-0.04138430555555597,-0.1753759722222224,-1,-1,1.0
2324,2664,-0.005845416666666852,-0.26079666666666645,0,0,0.5
2331,2681,0.07265708333333341,0.2385577777777779,-1,-1,0.5
2700,2346,0.016470833333333393,0.03397902777777798,1,1,1.0
2350,2709,-0.1415191666666666,-0.007899166666666275,-2,-2,0.0
2370,2732,0.3059373611111111,0.517752222222222,-3,-3,0.0
2348,2745,0.31142333333333333,0.3699343055555552,1,1,0.5
2128,1880,0.27438777777777784,0.6673166666666661,2,2,1.0
2787,2606,0.15552166666666706,0.268068888888889,0,0,0.5
2329,2673,-0.05461166666666662,-0.12365916666666678,0,0,0.5
2115,1893,0.44010222222222223,0.6870011111111111,0,0,1.0
2481,2622,0.472005,0.4343911111111117,-1,-1,0.0
2497,2652,0.2813945833333332,0.38795097222222263,1,1,0.5
2671,2629,0.25234597222222205,0.4169990277777779,-1,-1,0.0
2693,2489,0.32680375,0.25161569444444387,1,1,1.0
2640,2680,0.2871173611111109,0.32609430555555563,0,0,0.5
1811,2207,0.46904333333333337,0.3257511111111109,-1,-1,0.0
2811,2655,0.2931005555555553,0.4551662500000001,5,0,0.5
2639,2396,0.963762083333333,0.9637593055555552,1,-4,1.0
2361,2359,0.9619054166666665,0.9635995833333334,2,2,1.0
2112,2089,0.964449861111111,0.965301111111111,1,1,0.5
2227,1976,0.9989053968253958,0.9249696825396827,0,0,1.0
2333,2599,0.2848816666666662,0.28811999999999993,-2,-2,0.0
2590,2342,0.24037583333333307,0.23942666666666668,0,0,1.0
2121,1959,0.019801111111110773,0.13990111111111123,4,4,0.5
2101,2013,0.15067266666666682,0.6010133333333333,1,1,1.0
2268,2038,0.714098888888889,0.9934444444444429,3,3,1.0
2577,2355,0.20924833333333367,0.19626833333333318,9,1,1.0
2350,2582,0.4157941666666664,0.25425333333333344,0,0,0.5
2587,2345,0.25046916666666635,0.35490749999999943,1,1,0.5
2348,2584,0.26625416666666635,0.17070500000000013,-2,-2,0.0
2014,2353,0.07424222222222228,0.1894144444444446,-4,-4,0.0
1957,2046,0.1291099999999999,0.32400555555555527,4,1,1.0
2573,2359,0.44607250000000015,0.390330833333333,-2,-2,0.5
2363,2569,0.19941,0.2374491666666664,-2,-2,0.0
2565,2367,0.21294583333333333,0.1790241666666663,1,1,0.5
2254,1888,0.8259598039215682,0.9942156862745085,-3,-3,1.0
2561,2375,0.13517083333333335,0.19326666666666667,2,2,1.0
1912,2167,0.6961733333333332,0.2009955555555558,0,0,0.0
2379,2557,0.19086916666666642,0.25659999999999994,-4,-4,0.0
2553,2383,0.17993833333333326,0.20369749999999948,3,3,1.0
2100,2111,0.05811999999999999,0.07010111111111099,-1,-1,0.0
1933,2181,0.02088736111111115,-0.01944305555555537,0,0,0.5
2565,2396,-0.07649249999999974,-0.03546708333333332,0,0,0.5
2197,1941,0.03079888888888888,0.03268777777777796,-10,-10,0.0
2789,2749,0.6487244444444438,0.23040666666666634,0,0,0.5
1966,2156,0.09256874999999999,0.20030375000000009,1,1,1.0
2787,2447,0.5938666666666664,0.3996558333333329,-1,-1,1.0
2047,2341,0.5098255555555554,0.21054444444444465,5,5,1.0
2779,2568,0.5864822222222238,0.14888611111111127,-1,-1,1.0
2072,2017,0.14694527777777786,0.38291361111111116,3,3,1.0
2780,2752,0.5785677083333325,0.26286145833333263,0,0,0.5
2374,2778,0.32326083333333355,0.5636349999999998,-1,-1,0.0
2396,2589,0.31615250000000017,0.07410736111111144,-1,-1,0.0
2181,2089,0.26475055555555566,0.3166641666666669,0,0,0.5
1843,2187,0.15632222222222208,0.27995555555555585,-5,-5,0.0
2591,2570,0.43746736111111084,0.2091151388888888,-3,-3,0.0
2040,2093,0.11890500000000005,0.07321583333333308,-1,-1,0.0
1848,2323,0.2113800000000002,0.05659555555555526,-1,-1,0.0
2051,2017,0.9931777777777777,0.4612144444444436,0,0,0.5
2145,2341,0.304117777777778,0.19979444444444427,0,-5,0.5
1852,2290,0.9942156862745085,0.7502196078431372,1,1,0.5
2289,1853,0.7607813725490193,0.9942156862745085,2,2,1.0
1854,2288,0.9942156862745085,0.8102421568627451,-5,-5,0.0
1856,2286,0.9942156862745085,0.8765107843137255,-5,-5,0.0
2285,1857,0.6521372549019611,0.9942156862745085,9,9,1.0
1858,2284,0.9942156862745085,0.889522549019608,-7,-7,0.0
2320,2034,0.1376066666666667,0.012743333333333294,0,0,1.0
2281,1861,0.8440784313725491,0.9942156862745085,9,9,1.0
1862,2280,0.9942156862745085,0.8436313725490195,-10,-10,0.0
2135,2002,0.24236291666666646,0.12719541666666642,-2,-2,0.5
1873,2269,0.9942156862745085,0.7509892156862745,-11,-11,0.0
2037,2317,0.07062888888888888,0.28445,-1,-1,0.0
2965,3151,0.6809841666666668,0.5223451388888886,1,1,0.5
2273,2104,0.9926388888888887,0.10602666666666628,-1,-1,0.0
3040,2660,0.8649018055555554,0.891450833333333,0,0,0.5
1859,2283,0.9942156862745085,0.7216568627450984,1,1,0.5
2282,1860,0.8089735294117648,0.9941607843137242,5,4,1.0
1861,2281,0.9942156862745085,0.8128215686274507,-9,-9,0.0
1863,2279,0.9942156862745085,0.9262882352941177,-16,-16,0.0
2278,1864,0.7830117647058823,0.9942156862745085,8,8,1.0
1865,2277,0.9942156862745085,0.7923794117647059,-11,-11,0.0
2276,1866,0.7887764705882353,0.9942156862745085,4,4,1.0
1867,2275,0.9942156862745085,0.8538362745098038,-13,-13,0.0
2918,3040,0.9060101388888885,0.9429095833333337,1,1,0.5
1962,2062,0.32537666666666654,0.2885966666666666,-9,-9,0.0
2024,2128,0.052414444444444645,0.1938355555555554,10,2,1.0
2056,1968,0.2407533333333334,0.08718888888888898,0,0,1.0
2001,2136,0.14555041666666663,0.19048749999999987,6,3,1.0
2131,2006,0.26579749999999985,0.06417958333333336,2,2,1.0
2648,2565,0.15489916666666667,0.23695333333333332,0,0,1.0
2315,1824,0.9151254901960787,0.9942156862745085,6,6,1.0
2309,1830,0.8177058823529413,0.9942156862745085,13,13,1.0
2307,1832,0.858423529411764,0.9942156862745085,9,9,1.0
1833,2306,0.9942156862745085,0.7561117647058822,-6,-6,0.0
2759,2766,0.04490999999999961,0.3084966666666664,-5,-5,0.0
2077,1991,0.23877111111111113,0.3995399999999998,0,0,0.0
2766,2759,0.618421666666666,0.2263366666666662,0,0,0.5
2078,2054,0.3017911111111112,0.6215988888888888,-2,-3,1.0
2188,2043,0.07734444444444452,0.6930433333333333,2,2,0.0
2402,2143,0.3656211111111104,0.11002222222222201,3,3,1.0
1968,2572,0.21182333333333336,0.1994016666666666,0,0,0.5
2131,2390,0.44800666666666633,0.32078111111111113,0,0,0.5
2247,2023,0.5698044444444442,0.9934444444444429,2,2,1.0
1839,2370,0.21448555555555532,0.16761111111111113,-11,-11,0.0
2023,2381,0.2123760416666667,0.3887052083333332,-3,-4,0.0
2576,2762,0.18350416666666652,0.5629416666666671,-2,-2,0.0
1976,2168,0.33905777777777785,0.17374111111111112,4,4,1.0
2655,2804,-0.12119277777777793,-0.11927513888888892,1,1,0.0
2622,2497,0.1260704166666664,-0.09183388888888873,1,1,0.5
2640,2693,0.09648791666666673,-0.33115999999999984,-1,-1,0.5
2763,2572,0.15861833333333278,0.20055833333333328,0,-3,0.5
1987,2135,0.05240208333333324,0.16093124999999997,-3,-3,0.0
2069,2015,0.10377361111111116,0.26263166666666693,-1,-1,0.0
2620,2361,0.7081119444444441,0.7161220833333328,2,2,0.5
2396,2572,0.6374581944444442,0.6633187500000001,1,1,0.5
2639,2589,0.5641277777777775,0.6920276388888885,2,2,0.5
2353,2366,0.9593029166666663,0.9600136111111104,4,4,1.0
2660,2824,0.7671163888888887,0.7809454166666667,0,0,0.5
1978,2073,0.00969222222222219,0.05599555555555551,10,10,0.5
2384,2586,0.7892012499999997,0.8542890277777775,1,1,0.5
2506,2602,0.7841222222222217,0.7528222222222218,-1,-1,0.5
2439,2154,0.9672748611111113,0.9685440277777776,0,0,1.0
2528,2304,0.9618336111111114,0.9649668055555551,2,2,1.0
2381,2309,0.967274861111111,0.9685443055555554,2,2,1.0
2750,2771,0.5594699999999992,0.13948499999999947,1,1,1.0
1994,2186,0.19429000000000038,0.305341111111111,2,2,0.0
1980,2032,0.296847777777778,0.9934444444444429,1,1,0.5
2147,2001,0.1134988888888888,0.060877777777777704,-1,-1,1.0
2291,1979,0.9925111111111113,0.4315044444444444,-1,-1,0.0
2287,1983,0.9928855555555551,0.6465422222222221,2,2,1.0
2771,2750,0.3149833333333331,0.6299833333333325,1,1,0.5
2022,2373,0.21032500000000004,0.33363020833333346,-4,-4,0.0
2038,2239,0.9934444444444429,0.8509677777777779,0,0,0.0
2381,1720,0.3468772222222229,0.6873494444444442,-6,-6,0.0
2099,1943,0.17786750000000032,0.16756583333333347,0,0,1.0
1987,2178,0.05302888888888894,0.25048777777777803,-1,-1,0.0
1962,2407,0.3304849999999997,0.29611000000000026,1,1,0.5
2369,2024,0.32518333333333393,0.2246489583333335,3,2,1.0
2749,2772,0.7701741666666662,0.2952533333333328,0,0,0.5
2062,2163,0.6739799999999997,0.1586311111111112,-1,-1,0.5
2018,2045,0.1588944444444443,0.10180666666666639,1,1,0.5
2361,2028,0.2924635416666666,0.21236666666666662,0,0,1.0
1854,2163,0.6608901388888884,0.7263068055555556,-3,-3,1.0
2660,2741,0.9720056944444443,0.9719187500000005,-2,-2,0.5
2530,2382,0.1396625,0.08996979166666638,1,1,0.5
2331,2491,-0.21992416666666692,0.18047888888888913,-1,-1,0.0
2164,2452,0.05384847222222231,0.4637752777777782,-1,-1,0.5
2671,2640,-0.4942252777777775,-0.13439152777777835,0,0,0.5
2489,2607,-0.28096861111111116,-0.34764833333333334,0,-1,0.5
2497,2481,0.09271277777777794,-0.016177916666666528,0,-1,0.5
2388,2489,0.09534270833333323,0.0951604166666667,-2,-2,0.0
2792,2655,-0.454942638888889,-0.28501791666666676,1,1,1.0
2834,2787,-0.21859069444444476,-0.3623220833333336,-2,-2,0.5
2006,2030,0.2061744444444447,0.18711222222222215,1,1,1.0
2583,2433,0.33567083333333336,0.09102812500000003,1,1,1.0
2249,2166,0.4228829166666668,0.5052416666666665,1,1,0.5
2004,2300,0.23334541666666636,0.4484833333333332,0,0,0.5
2781,2740,0.3425527777777788,0.5524294444444457,1,0,0.0
2258,2168,0.29827249999999966,0.3507924999999998,-3,-3,0.5
2545,2384,0.6629476388888894,0.6503201388888888,-1,-1,0.0
2571,2563,0.69133375,0.5063877777777774,-1,-1,0.0
2965,2891,0.9683487499999998,0.9691076388888887,1,1,0.5
2043,2048,0.3451769444444448,0.10807055555555609,-4,-4,0.0
2022,2373,0.21194583333333336,0.2875791666666671,1,1,0.5
2387,2820,0.2367258333333337,0.21383250000000004,-2,-3,0.0
2167,2035,0.1745587499999998,0.029927083333333493,0,0,0.5
2326,2060,0.21406777777777766,0.45795666666666685,0,0,0.5
2024,2369,0.21833020833333341,0.3304583333333332,-5,-5,0.0
2227,1899,0.9926044444444441,0.6089255555555556,-1,-1,0.5
2131,2237,0.059602222222222334,0.03666333333333294,-2,-2,0.0
2231,2137,0.04893888888888866,0.42847444444444466,2,-3,1.0
1927,2092,0.3263455555555555,0.01150888888888911,4,4,0.5
2965,2918,0.7533927777777781,0.752123888888889,0,0,0.5
2597,2138,0.24447916666666647,0.10947000000000015,0,0,0.0
2622,2671,-0.048488333333333335,0.00556666666666657,0,0,0.5
2652,2489,0.06472722222222228,-0.07269541666666661,2,2,1.0
1986,2604,0.39498333333333324,0.13281583333333324,-2,-2,0.5
2554,2495,0.5804469444444448,0.6156043055555557,-2,-2,1.0
1720,2401,0.4092933333333333,0.3924266666666659,1,1,0.5
2166,2258,0.7057698611111114,0.532184305555556,3,2,1.0
2168,2111,0.6577498611111109,0.5515923611111114,-3,-3,0.5
2461,2581,0.6674893055555554,0.7122295833333334,-1,-1,0.5
2570,2585,0.6606520833333337,0.5753465277777784,-1,-1,0.0
2737,2788,0.6108391666666665,0.2007249999999996,0,0,0.5
2343,2052,0.1986,0.6524577777777777,-1,-2,0.0
2302,2605,0.8115823611111112,0.8624094444444446,2,2,0.5
2355,2026,0.252828125,0.21237187500000035,3,3,1.0
2019,2185,0.0495588888888891,0.10026888888888907,-10,-10,0.0
2186,1902,0.08353111111111121,0.1920155555555558,6,6,1.0
2079,2149,0.07950000000000007,0.14944333333333315,4,4,1.0
2315,2058,0.21599000000000015,0.6021322222222227,0,0,1.0
2349,2008,0.244038888888889,0.27888555555555555,0,0,0.5
2428,2746,0.5082291666666664,0.6628733333333329,0,0,0.5
2325,2047,0.17715111111111098,0.5449844444444446,0,0,0.0
2326,1773,0.3692455555555557,0.5048955555555557,6,6,1.0
2118,2054,0.037716666666666614,0.004987777777777848,2,2,0.5
2550,2451,0.9564726388888888,0.9493504166666661,-1,-1,0.0
2548,2354,0.9683665277777772,0.9698411111111112,0,0,0.5
2580,2472,0.9683793055555551,0.969827638888889,1,-4,0.5
2013,2022,0.3019122222222223,0.510513333333333,1,1,0.0
2183,2013,0.08480722222222245,0.049708888888889274,-18,-18,0.0
2119,2241,0.06839000000000012,0.0392177777777777,-4,-4,0.0
2012,2225,0.5706366666666669,0.992662222222222,-1,-1,0.5
2003,2234,0.5636433333333333,0.9927933333333331,0,0,0.5
2223,2014,0.9925077777777774,0.5488822222222223,4,3,1.0
2748,2789,0.45089291666666764,0.19820125000000055,1,1,0.5
2010,2227,0.5813344444444445,0.9925888888888889,0,0,0.5
2122,2235,0.024885555555555522,0.4658288888888884,-20,-20,0.0
2320,2415,0.2174906666666667,0.4285946666666672,-4,-4,0.5
2741,2660,0.7135259722222224,0.7413988888888892,-1,-1,0.5
2782,2755,0.18429291666666717,0.21498208333333332,12,12,1.0
2017,2037,0.11315444444444417,0.4442288888888889,5,5,1.0
2396,2318,0.05934444444444433,0.00714888888888897,1,1,0.5
2270,1830,0.6941186111111112,0.3382022222222222,2,2,1.0
2444,2309,0.8822209722222225,0.8641940277777777,0,0,1.0
2164,2378,0.7298058333333333,0.7093752777777782,2,2,1.0
2523,2437,0.7704227777777779,0.7985983333333335,2,2,1.0
2918,2741,0.8733436111111118,0.9422451388888886,1,1,0.5
2171,1928,0.24253750000000002,0.1559483333333334,-2,-3,0.0
2489,2634,-0.4490230555555555,-0.19905402777777773,-2,-2,0.5
2222,2178,0.1710375000000001,0.16202999999999992,-2,-2,1.0
2022,2027,0.47374000000000005,0.06493888888888896,1,1,0.5
2151,1956,0.21636555555555526,0.03350333333333312,3,3,1.0
2584,2790,0.21284208333333315,0.18915916666666702,0,0,0.5
2219,2018,0.9921177777777775,0.4733466666666672,-3,-6,0.0
2258,1834,0.15148236111111152,-0.030223472222222287,-4,-4,0.0
2022,2215,0.2608211111111112,0.992973333333333,3,3,0.0
2116,1916,0.18077555555555574,0.4915544444444445,1,0,0.0
2000,2226,0.9934444444444429,0.8554055555555556,-4,-4,0.0
2231,2006,0.9924833333333329,0.4024044444444443,-1,-2,0.0
2814,2387,0.44254916666666766,0.36675083333333414,6,6,1.0
2338,2197,0.20609750000000024,0.24700472222222258,2,2,1.0
2041,2329,0.3905433333333332,0.2161888888888888,-2,-2,0.5
2610,2470,0.11392444444444431,0.4024936111111111,-3,-3,0.0
2319,2550,0.6646674999999997,0.8681080555555555,0,0,0.0
2372,2595,0.1664276388888886,0.4534608333333336,-2,-2,0.5
2434,2542,0.5699473611111113,-0.14871166666666663,0,0,0.5
2636,2402,0.42343694444444424,-0.022145694444444183,4,3,0.5
2011,2208,0.9929855555555558,0.7425555555555553,0,-1,0.0
2195,2025,0.727153333333333,0.9931766666666667,-1,-2,1.0
2030,2190,0.9931833333333334,0.7778100000000002,-2,-2,0.0
2194,2026,0.7100100000000004,0.9923733333333338,1,1,0.5
2193,2028,0.7404000000000002,0.992841111111111,-1,-1,0.5
2824,2741,0.6782909722222219,0.6751969444444446,0,0,0.5
1998,2219,0.9934444444444429,0.7642444444444446,-3,-3,0.0
2586,2649,0.1976324999999999,0.23196083333333328,0,0,0.5
2787,2754,0.28327777777777713,0.5247599999999993,0,0,0.5
2299,2320,0.07914222222222256,0.17623333333333335,-6,-6,0.0
2199,2021,0.5401322222222221,0.9934444444444429,7,2,1.0
2660,3151,0.6648208333333332,0.69802625,3,3,0.5
2762,2779,0.03533208333333386,0.25039916666666756,-1,-1,0.0
2167,1942,0.16982499999999995,0.09590250000000008,4,4,1.0
2918,2965,0.6599633333333338,0.6697395833333338,0,0,0.5
2287,2528,-0.1044972222222223,0.16667375000000012,-1,-2,0.0
2109,2260,0.004579999999999692,0.022137777777777645,0,0,0.0
2269,2444,0.25656347222222226,0.27943347222222203,-3,-3,0.0
1960,2155,0.049738749999999984,0.1663208333333332,-2,-2,0.0
2743,2768,-0.4648370833333332,-0.3101994444444444,3,3,0.5
2811,2640,-0.4383788888888888,-0.4390712499999999,1,1,0.5
2640,2489,-0.4682561111111112,-0.40079249999999983,-1,-1,0.0
2481,2599,-0.2943033333333332,-0.44717166666666675,0,0,1.0
2044,2040,0.14017444444444432,0.015202222222222363,-1,-1,0.5
1924,2109,0.23479444444444472,0.03411555555555532,2,1,0.5
2362,2296,0.06735694444444452,0.2179708333333333,-1,-1,0.5
2475,2535,0.02394722222222256,0.042441111111110784,2,2,0.5
2416,2554,0.17483930555555555,0.07786652777777779,3,0,0.5
3040,2824,0.7574131944444442,0.7716826388888888,1,1,1.0
2168,2214,0.41000583333333346,0.5036356944444449,-3,-3,0.0
1747,2258,0.20631277777777782,0.332178472222222,-1,-1,0.0
2249,2004,0.24621430555555524,0.25058736111111085,1,1,1.0
2033,2030,0.3097255555555558,0.5583344444444441,-2,-2,0.5
2591,2571,0.40925000000000006,0.7466536111111113,2,2,1.0
2578,2487,0.2577179166666667,0.32316736111111116,1,1,1.0
2646,2775,0.17029249999999993,0.39021416666666653,0,0,0.5
2147,2012,0.2147625000000005,0.03735166666666668,1,1,1.0
2515,2616,0.8667998611111113,0.9030238888888885,2,1,0.5
2654,2479,0.8624123611111111,0.8809809722222219,0,0,1.0
2505,2310,0.8095494444444443,0.8818275000000003,0,0,0.5
2711,2549,0.8348037499999997,0.8483048611111119,2,2,1.0
2397,2513,0.9546684722222221,0.9218116666666665,-2,-2,0.0
2267,2327,0.9587723611111106,0.9611612500000005,2,2,1.0
2301,2568,0.864316388888889,0.9085356944444446,-2,-2,0.0
2284,2570,0.9611993055555554,0.9622809722222219,-2,-2,0.0
2402,2475,0.9593947222222222,0.9609359722222218,-2,-2,0.5
2587,2749,0.9622166666666665,0.964064583333333,-1,-1,0.5
2386,2812,0.06634047619047669,0.28152063492063545,-2,-2,0.0
2810,2387,0.30604523809523876,0.07960952380952425,2,1,1.0
2200,1829,0.08573000000000007,0.005378888888888742,1,1,1.0
2012,2114,0.388398611111111,0.19459513888888885,-1,-1,0.0
1883,2126,0.33370888888888856,0.04989222222222218,4,4,1.0
2430,2057,0.3293911111111104,0.31491777777777763,0,0,0.0
1720,2589,0.398833333333333,0.3510700000000004,0,-1,0.5
2594,2427,0.21259333333333355,0.03409583333333317,1,0,1.0
2773,2762,0.27671166666666625,0.39531583333333276,-1,-1,0.5
2432,2589,0.06563249999999982,0.2526608333333329,-2,-2,0.0
2753,2782,0.46475333333333246,0.09587583333333302,1,1,1.0
2051,2343,0.26468777777777774,0.22761888888888884,1,1,0.5
2778,2593,0.19773999999999964,0.31442250000000027,1,1,1.0
2026,2646,0.1908966666666668,0.18887083333333307,1,1,0.0
2286,2188,-0.12764125000000007,-0.10057597222222212,1,1,0.5
2112,2198,-0.35932986111111104,-0.13551583333333342,-1,-1,0.0
2333,2349,-0.37949236111111123,-0.28417222222222216,-1,-1,0.0
2389,2339,-0.11767013888888916,0.034181944444444404,3,3,1.0
2455,2342,-0.025101944444444454,-0.1697544444444445,1,1,1.0
2586,2450,0.06087527777777776,-0.19620458333333343,1,1,1.0
2051,1969,0.9929099999999997,0.12317999999999982,-3,-3,0.0
2752,2680,0.2570875000000003,0.37722236111111096,0,0,1.0
2402,2515,0.2611662499999996,-0.11321611111111142,2,2,0.0
2479,2427,-0.17054208333333348,0.06404124999999995,1,1,0.5
2405,2477,0.9677598611111108,0.8965733333333331,5,2,0.5
2254,2375,0.9282847222222226,0.918874166666667,3,3,1.0
2390,2526,0.9676725000000004,0.9679086111111117,0,0,0.0
2629,2481,0.17398180555555526,0.25423527777777755,3,3,1.0
2370,2598,0.1110177777777777,-0.05047638888888912,-1,-1,0.0
1969,2136,0.15152833333333326,0.21714249999999974,0,-1,1.0
2258,2249,0.9504124999999999,0.9147208333333332,-1,-1,0.0
2271,1970,0.22499266666666673,0.272802,1,1,1.0
2586,2550,0.9696772222222219,0.9686684722222221,-2,-2,0.5
2434,2105,0.9696779166666664,0.9686672222222218,2,2,1.0
2269,2542,0.9696763888888885,0.9686681944444442,-3,-3,0.0
2028,2190,0.27973888888888915,0.19046333333333323,4,4,1.0
2202,2014,0.1857844444444444,0.6881200000000004,-2,-3,0.0
2782,2647,0.41540916666666666,0.18342166666666657,-1,-1,0.5
2590,2586,0.21525944444444475,0.2813455555555555,-1,-1,0.5
1949,2438,0.3035488888888887,0.24212555555555518,0,0,0.5
2586,2590,0.31700555555555565,0.2761427777777781,-4,-4,0.5
2185,2377,0.4011902777777777,0.18044231481481465,1,1,1.0
2325,2038,0.17471666666666696,0.1864155555555554,-1,-2,0.0
2132,2018,0.20955583333333327,0.4086200000000002,0,0,0.5
2593,2590,0.3481249999999997,0.27971666666666717,-4,-4,0.5
2040,2001,0.9913466666666665,0.7677044444444442,0,-9,0.5
3092,2766,0.2789777777777772,0.2290733333333329,0,0,0.5
2328,2536,0.9712912499999996,0.9703294444444444,0,-1,0.5
2375,2636,0.2281165277777779,0.8352205555555554,0,-1,0.0
2402,2548,0.09517597222222234,0.12038416666666649,-2,-2,0.0
2046,2029,0.6613511111111109,0.9930699999999997,0,0,0.5
2649,2421,0.10195916666666656,0.3908524999999997,1,1,0.5
1738,2292,0.3296477777777779,0.2811622222222223,-4,-4,0.0
1817,2289,0.4641177777777778,0.6401422222222217,-10,-10,0.0
2286,1820,0.13405888888888887,0.2486944444444441,10,10,1.0
2407,2584,0.9718599999999995,0.9709340277777775,-2,-2,0.5
2312,2595,0.9688338888888886,0.9678569444444443,0,0,0.0
2284,2542,0.9688323611111107,0.9678581944444447,0,0,1.0
2754,2587,0.6592050000000017,0.2660008333333333,1,1,1.0
2770,2583,0.06160416666666634,0.25590166666666686,0,-5,0.5
2766,2754,0.19925750000000084,0.6433275000000017,0,0,0.5
1915,2108,0.08318,0.10269222222222191,3,2,0.5
2758,2762,0.11917555555555492,0.3614555555555549,1,1,1.0
2816,2316,0.23753298611111134,0.22617083333333368,3,3,0.5
2005,2040,0.9929022222222227,0.4949711111111115,1,1,1.0
1894,2143,0.026111666666666703,0.16186000000000023,-1,-1,0.0
1988,2128,0.2886333333333332,0.18616166666666695,-1,-1,0.0
2370,2626,-0.02374069444444432,-0.17053555555555555,-1,-1,0.0
2324,2580,0.9702141666666664,0.9711601388888889,-3,-3,0.0
2378,2586,0.9705572222222222,0.9705906944444442,1,1,0.0
2571,2407,0.9676205555555555,0.9682177777777783,0,0,0.5
2197,1998,0.9924833333333336,0.06657999999999982,-1,-1,0.5
2049,1959,0.9934444444444429,0.3882522222222222,1,1,0.5
2592,2644,0.3056758333333335,0.22287249999999986,0,0,0.5
2190,2035,0.779707777777778,0.9934444444444429,-1,-1,0.5
2428,2587,0.534004166666666,0.30551416666666636,-1,-1,0.0
2407,2236,0.28541888888888894,0.5043311111111107,0,0,0.0
2209,2651,0.6821591666666666,0.15441749999999993,-1,-1,0.5
2417,2648,0.45849500000000015,0.14768083333333315,-2,-2,0.0
2200,2087,0.2729588888888889,0.09380888888888889,3,3,1.0
2053,2099,0.009165238095238093,0.0619942857142856,-12,-12,0.0
2015,2118,0.1767725,0.15046083333333338,-1,-1,0.5
2780,2399,0.5193291666666662,0.26629499999999995,1,0,0.5
2243,2119,0.6320566666666668,0.32524305555555555,3,3,1.0
2107,1956,0.12156250000000017,0.28893416666666655,-4,-4,0.5
2119,2027,0.19715208333333342,0.6713104166666666,1,-4,0.5
2810,2408,0.31828222222222224,0.35281888888888857,0,0,1.0
2410,2808,0.31707333333333304,0.40994444444444417,1,1,0.0
2436,1644,0.5063663636363636,0.516128787878788,2,2,0.5
2554,2534,-3.0138888888747593e-05,-0.0351379166666668,2,2,1.0
2806,2412,0.2218188888888886,0.3293444444444441,11,11,1.0
2407,2072,0.4036408333333333,0.020265694444444496,0,0,1.0
2586,2324,-0.32553374999999996,0.6444297222222226,0,0,0.5
2553,2318,-0.5090337500000002,0.6297963888888884,2,2,0.5
2415,2105,-0.08600638888888905,0.5701472222222222,0,0,0.5
2173,2472,-0.16120361111111106,0.5578986111111113,0,-1,0.0
2414,2804,0.2896766666666663,0.24498333333333316,-6,-6,0.0
2802,2416,0.244186666666666,0.28584111111111066,11,3,1.0
2312,2550,-0.28950875,0.3278529166666665,-1,-1,0.5
2418,2800,0.3043188888888891,0.362737777777778,-9,-10,0.0
2422,2796,0.25331111111111104,0.37467666666666627,-2,-2,0.0
1856,2200,0.4393799999999998,0.40631222222222163,-1,-1,0.0
2391,2653,0.3170433333333334,0.1573274999999998,0,0,0.5
2390,2537,0.11704722222222205,0.20866333333333317,-8,-8,0.0
2658,2386,0.03890416666666656,0.1332699999999999,-1,-1,0.5
2184,1937,0.34042777777777783,0.4873699999999996,0,0,1.0
2157,2323,0.9925088888888892,0.16196666666666698,3,3,1.0
2183,2439,0.3613791666666667,0.08621833333333342,1,1,0.0
2007,2015,0.14288444444444443,0.26103000000000004,2,2,1.0
2757,2793,0.2912591666666678,0.47943166666666814,0,0,0.5
1811,2202,0.055019166666666626,0.013328333333333223,-4,-4,0.0
2805,2381,0.2177479166666673,0.2148237499999999,4,1,0.5
2382,2803,0.16675833333333323,0.33051750000000024,-2,-2,0.0
2424,2799,0.29790916666666717,0.2990166666666678,-1,-1,0.0
2422,2626,-0.15317361111111097,0.019166388888888802,0,0,1.0
1898,2667,0.14650749999999993,0.015129166666666673,3,3,1.0
2428,2795,0.30085916666666784,0.2663675000000006,0,0,0.0
2430,2192,0.10204770833333345,0.14576208333333332,0,0,1.0
2363,2027,0.17445333333333288,0.9928777777777776,1,1,0.5
2383,2503,0.3701253333333333,0.358134,-1,-1,0.5
2748,2802,0.16608250000000063,0.5724725000000008,2,1,1.0
2803,2747,0.6587200000000024,0.21875833333333483,0,0,0.5
2392,2661,0.37272500000000014,0.20390083333333348,-1,-1,0.0
2658,2395,0.2225808333333333,0.4337749999999998,1,0,1.0
2390,2663,0.4532808333333334,0.053636666666666756,1,1,0.5
1901,2202,0.04756222222222187,0.1727911111111111,-1,-1,0.0
2660,2393,0.13569499999999965,0.30852666666666656,3,3,1.0
2260,1788,0.2325333333333334,0.3807500000000002,2,2,1.0
2352,2158,0.15093888888888876,0.9921133333333332,1,1,1.0
2396,2657,0.43528166666666684,0.13187916666666677,0,0,0.0
2043,2078,0.374858611111111,0.13810305555555547,5,5,1.0
2024,2097,0.4368533333333335,0.11300722222222209,1,1,1.0
2187,2435,0.252070625,0.04898229166666675,0,0,0.5
2333,2136,0.298737777777778,0.992811111111111,0,0,1.0
2762,2796,0.08932916666666756,0.5361608333333339,0,-1,0.0
2315,2307,0.5168991666666671,0.13702333333333358,4,4,1.0
1942,2062,0.210218888888889,0.20714666666666684,7,7,0.5
2432,2190,0.0930095833333337,0.4217629166666666,3,3,1.0
2112,2089,0.2824355555555556,0.11286333333333323,2,2,1.0
2253,2031,0.022422222222222055,0.017343333333333273,1,1,0.5
2193,2429,0.38231416666666695,0.032268958333333646,-2,-2,0.0
2591,2458,0.910226944444445,0.7610247222222225,1,1,1.0
2598,2370,0.8112138888888891,0.7693023611111115,1,1,1.0
1773,2257,0.1559133333333332,0.0778888888888882,7,-1,0.0
2793,2430,0.2511454166666671,0.06738750000000039,2,-1,1.0
1914,2105,0.17276541666666667,0.1014916666666665,2,2,0.0
2597,2423,0.20656333333333335,0.5125224999999994,0,0,0.5
2788,2770,0.7503877777777767,0.14636444444444416,2,2,1.0
2134,2384,0.10302722222222233,0.14290277777777802,0,0,1.0
2359,2004,0.219552083333333,0.2123281250000003,1,-2,0.5
2426,2593,0.338530833333333,0.215165,-1,-1,0.0
2597,2422,0.29046666666666693,0.5119133333333331,0,0,0.5
2778,2780,0.22113333333333277,0.6920208333333328,1,1,0.0
2778,2780,0.1470011111111107,0.5982333333333332,-1,-1,0.5
2279,2324,0.6495458333333335,0.2821441666666672,2,2,1.0
2196,2011,0.5390988888888887,0.9934444444444429,2,2,1.0
2780,2778,0.1678166666666675,0.10738416666666746,1,0,0.5
2778,2780,0.14653777777777727,0.36831111111111065,-1,-1,0.5
2000,2005,0.6959877777777785,0.4033655555555553,-5,-5,0.0
2187,2020,0.3435588888888887,0.9934444444444429,1,1,0.5
2205,1857,0.4865821212121216,0.5475672727272727,-1,-1,0.5
2381,2791,0.16794199999999987,0.36421200000000037,-1,-2,0.0
2011,2165,0.9928166666666668,0.7419977777777778,-2,-2,0.0
1864,2232,0.40802333333333285,0.12397555555555556,2,2,0.0
2430,2789,0.2527533333333338,0.2341141666666672,-4,-4,0.0
2413,2571,-0.24444958333333322,-0.15221513888888888,-1,-1,0.5
2370,2614,-0.21487319444444447,-0.25546152777777764,0,0,0.0
2003,2162,0.9934444444444429,0.826881111111111,-3,-3,0.0
2434,2783,0.2803733333333342,0.5058358333333346,-2,-2,0.0
2121,2393,0.04840499999999963,0.09934888888888915,2,2,1.0
2784,2774,0.3355400000000021,0.29119583333333393,0,0,0.5
2160,2005,0.6760266666666664,0.9934444444444429,4,3,1.0
1834,2182,0.057744444444444445,0.09255777777777752,-10,-10,0.0
2302,1858,0.8955862745098042,0.9942156862745085,2,2,1.0
1859,2301,0.9942156862745085,0.8878235294117648,-3,-3,0.0
2300,1860,0.8803088235294114,0.9942156862745085,17,17,1.0
1861,2299,0.9942156862745085,0.8345686274509805,3,3,0.0
2296,1864,0.8999970588235293,0.9942156862745085,5,4,1.0
2294,1866,0.8656725490196076,0.9942147058823516,6,6,1.0
1867,2293,0.9942156862745085,0.9141696078431369,-4,-4,0.0
1868,2292,0.9942156862745085,0.8065196078431374,-1,-1,0.0
2596,2590,0.34393333333333337,0.18221194444444447,1,1,0.5
2305,1855,0.8948764705882357,0.9942156862745085,12,12,1.0
1858,2302,0.9942156862745085,0.8773843137254902,-8,-8,0.0
1864,2296,0.9942156862745085,0.9088343137254907,-15,-15,0.0
2295,1865,0.9293735294117649,0.9942156862745085,8,8,1.0
2016,2222,0.0797211111111111,0.4934411111111111,5,4,1.0
2351,2143,0.2177766666666666,0.08052000000000004,1,1,1.0
2309,1851,0.8325058823529411,0.9942156862745085,2,2,1.0
1852,2308,0.9942156862745085,0.6919960784313726,-9,-9,0.0
1852,2308,0.9942156862745085,0.7852862745098038,-1,-2,0.5
2086,2036,0.2277899999999999,0.1566233333333333,-3,-3,0.0
2037,2216,0.2463766666666666,0.1775666666666666,-1,-1,0.5
2222,1838,0.3841733333333338,0.37939222222222196,-3,-3,0.5
1975,2164,0.9934444444444429,0.823822222222222,-4,-4,0.0
1975,2164,0.9934444444444429,0.8082811111111111,-5,-5,0.0
2077,2217,0.018308888888888503,0.28320111111111096,1,1,0.0
2150,2107,0.26184555555555544,0.009671111111110952,2,2,1.0
2350,2014,0.3204770833333333,0.21589166666666676,1,1,1.0
2647,2603,0.2128174999999999,0.2075116666666669,1,1,0.5
2030,2086,0.33635472222222235,0.12276305555555549,0,0,0.5
1796,2207,0.4322044444444441,0.16510444444444447,-4,-4,0.0
2780,2778,0.7433077777777765,0.21886999999999954,0,0,0.5
2044,2049,0.14385999999999996,0.003977777777777685,0,0,1.0
2590,2776,0.17221333333333352,0.6503144444444435,-2,-2,0.0
2768,2786,0.45360222222222163,0.16710777777777766,-1,-1,1.0
2311,2767,0.5135825,0.5198724999999995,-1,-1,0.0
2149,1980,0.7354644444444447,0.9934444444444429,2,2,1.0
2640,2603,0.25849888888888856,0.22669888888888914,3,3,1.0
2601,2641,0.29771111111111115,0.27176999999999957,1,1,0.5
2633,2616,0.19496999999999995,0.23491333333333317,1,1,1.0
1855,2296,0.9942156862745085,0.3878568627450979,0,0,0.0
1859,2292,0.9942156862745085,0.8260803921568627,-12,-12,0.0
2291,1860,0.6782450980392152,0.9942156862745085,2,1,1.0
1963,2145,0.9934444444444429,0.8935411111111112,-1,-6,0.5
2141,1967,0.7260466666666668,0.9934444444444429,1,1,1.0
1862,2291,0.9942156862745085,0.5364029411764709,-10,-10,0.0
1969,2154,0.4086874999999998,0.14786583333333336,2,2,1.0
2250,2361,0.2324128415300548,0.8142903005464487,5,0,0.5
1964,2131,0.9934444444444429,0.7438366666666669,-2,-2,0.0
3099,2782,0.317515555555555,0.10008333333333326,4,3,1.0
2063,2115,0.2366466666666669,0.37109555555555573,-13,-13,0.0
2098,2062,0.9897388888888885,0.20044444444444423,1,1,0.5
1868,2289,0.9942156862745085,0.8935460784313725,-13,-13,0.0
1870,2287,0.9942156862745085,0.801494117647059,-14,-14,0.0
2043,2027,0.5788288888888891,0.17056222222222242,5,5,1.0
2308,1845,0.6798127450980391,0.9942156862745085,-1,-1,0.0
2306,1847,0.7489029411764706,0.9942156862745085,14,13,1.0
2304,1849,0.7444019607843138,0.9942156862745085,4,4,1.0
1850,2303,0.9942156862745085,0.8669313725490196,-9,-9,0.0
1857,2208,0.23146222222222215,0.19145111111111088,-1,-1,0.0
2213,1826,0.406068888888889,0.5585911111111108,1,1,1.0
2293,1854,0.7977490196078432,0.9942156862745085,2,1,1.0
1858,2281,0.9942156862745085,0.5657450980392157,-10,-10,0.0
2602,2634,0.24333833333333307,0.14346583333333324,1,1,0.5
2137,2028,0.42907111111111146,0.15359777777777753,3,3,1.0
2024,2131,0.18134555555555532,0.3162455555555551,-6,-6,0.0
2635,2601,0.17503666666666673,0.2366033333333336,1,1,0.5
2196,1813,0.2652555555555553,0.032439999999999664,-6,-7,1.0
2600,2636,0.28388916666666697,0.19868166666666645,0,-1,0.5
2088,2017,0.041927777777777786,0.3733366666666665,1,1,0.5
1883,2233,0.2903333333333333,0.0640588888888888,3,3,1.0
2280,1859,0.835320588235294,0.9942156862745085,18,18,1.0
2637,2599,0.12464583333333301,0.2554825000000001,-1,-6,0.5
1952,2072,0.9934444444444429,0.781974444444444,-1,-1,0.0
2023,2085,0.4928122222222217,0.20745000000000008,-15,-15,0.0
2204,1953,-0.2425711111111112,-0.06912152777777765,2,2,1.0
1993,2112,-0.589025833333333,-0.3360741666666665,-1,-1,0.5
2415,2059,0.23266569444444415,-0.4517213888888887,1,1,0.5
2099,2421,-0.6817645833333333,-0.30201208333333324,1,1,0.0
2146,2298,-0.2477145833333336,0.1706433333333332,-2,-2,0.0
1952,2229,0.2241433333333335,0.07911222222222232,-5,-5,0.0
1954,2062,0.9934444444444429,0.697775555555556,1,1,0.0
1970,2046,0.9934444444444429,0.7840877777777774,-1,-1,0.0
1984,2032,0.9934444444444429,0.8275700000000002,-1,-1,0.0
1980,2036,0.9934444444444429,0.6865422222222218,12,12,1.0
1978,2038,0.9934444444444429,0.7225655555555559,0,0,1.0
1982,2034,0.9934444444444429,0.7882344444444449,1,1,1.0
2767,2782,0.7187899999999992,0.23582777777777741,-1,-1,0.5
2037,1979,0.6905766666666668,0.9934444444444429,0,0,0.5
1986,2030,0.9934444444444429,0.7743811111111107,1,0,0.0
2140,2212,0.15773333333333361,0.03160333333333311,0,0,1.0
2782,2767,0.12620888888888854,0.47847777777777706,0,0,0.5
1901,2217,0.25708333333333366,0.2722266666666668,-3,-3,0.0
2540,2357,0.48744013888888926,0.5897779166666666,1,1,1.0
2645,2467,0.7168294444444454,0.560547638888889,-1,-1,0.5
2410,2212,0.031969583333333385,0.23242375,2,2,1.0
2134,2097,0.11347222222222221,0.013638888888889103,-13,-13,0.0
2031,2108,0.6187133333333333,0.1361258333333332,3,3,1.0
2018,2081,0.5537566666666665,0.00997333333333333,-4,-4,0.0
2597,2204,0.28404166666666647,0.5367241666666669,1,1,1.0
2018,2187,0.19529000000000019,0.21469111111111103,3,3,0.0
2043,2313,0.32378000000000023,0.16567666666666667,-1,-1,0.0
2162,2027,0.27362666666666663,0.15817666666666672,2,2,1.0
2000,2143,0.9934444444444429,0.8025355555555554,0,0,0.5
2155,1988,0.5429688888888891,0.9934444444444429,-1,-1,0.0
2638,2615,0.27279555555555557,0.28401444444444446,-1,-1,0.5
2173,2021,0.1374522222222221,0.03493333333333317,-2,-2,0.5
2005,2132,0.9934444444444429,0.7502977777777781,-1,-6,0.0
2135,2002,0.7341344444444441,0.9934444444444429,0,0,0.5
1991,2146,0.9934444444444429,0.686156666666666,1,1,1.0
2141,1996,0.718753333333333,0.9934444444444429,0,0,1.0
1979,2153,0.9934444444444429,0.7324333333333335,3,3,1.0
2120,1948,0.9924733333333338,0.23401333333333316,-2,-2,0.0
2045,2094,0.6098355555555551,0.14341472222222226,-4,-4,0.0
2614,2639,0.3209088888888886,0.21215111111111054,0,0,0.5
2786,2767,0.22724416666666633,0.4958183333333329,2,2,0.5
1961,2152,0.2964829166666666,0.41270388888888887,0,0,1.0
2146,2415,-0.3248120833333333,-0.1872808333333334,2,2,1.0
2320,2099,-0.4283080555555554,-0.4789366666666666,0,0,1.0
2458,2540,0.1744391666666666,-0.0653559722222224,-1,-1,0.5
2620,2478,0.19931777777777804,-0.014738472222222236,2,2,1.0
2524,2586,-0.08223611111111107,0.1823626388888887,1,0,0.0
2555,2509,0.3528890277777776,0.170510416666667,1,1,1.0
2267,1918,0.14327888888888884,0.24809777777777786,1,1,1.0
2767,2786,0.565605555555555,0.1631088888888884,0,0,0.5
2780,2426,0.4009533333333342,0.2674291666666673,1,1,1.0
1927,2098,0.49796722222222223,0.10793472222222215,5,5,1.0
2200,1875,0.27132333333333364,0.06286999999999991,2,2,1.0
2097,2267,0.012608888888888923,0.36336888888888885,16,16,1.0
2044,2003,0.024492222222222523,0.11733666666666696,-4,-4,0.0
2080,2218,0.025220000000000103,0.09010111111111076,-3,-3,0.5
2128,2050,0.9990215277777771,0.9829441666666665,0,0,0.5
2599,2638,0.2933183333333331,0.2152124999999996,0,0,0.5
2583,2773,0.3354944444444443,0.29440888888888816,5,5,1.0
2777,2579,0.6058216666666679,0.2856100000000001,0,0,0.5
2014,2150,0.9934444444444429,0.89797,-2,-2,0.0
2575,2781,0.17924083333333327,0.6229091666666684,0,0,0.5
1847,2181,0.5958222222222224,0.19789555555555535,-1,-1,0.0
2787,2781,0.2237288888888885,0.4554166666666658,1,1,0.5
1976,2202,0.9934444444444429,0.7473622222222225,1,1,0.0
2789,2389,0.4327255555555563,0.3057727777777782,0,0,0.5
2207,2047,0.16653333333333345,0.004253888888888777,-1,-1,1.0
1993,2285,-0.4016001388888888,-0.17622055555555566,-1,-1,0.5
2421,2586,-0.5807022222222223,-0.3081820833333335,0,0,0.0
2785,2393,0.45344333333333375,0.18172777777777788,0,0,1.0
2127,2113,0.6984806666666665,0.9958339999999997,-3,-3,0.0
2382,2501,0.0708397222222218,-0.12050555555555563,-3,-3,0.0
2416,2579,-0.1890945833333335,-0.0714468055555555,1,1,0.5
2532,2613,-0.1853041666666668,-0.01512583333333303,-1,-1,0.0
2593,2588,-0.21439722222222218,-0.180153888888889,3,3,1.0
2136,2320,0.3490418055555556,-0.29015458333333316,-1,-9,0.0
2406,2216,0.04705812500000019,0.37942645833333344,1,1,0.5
1992,2025,0.02031555555555565,0.10350277777777779,0,0,0.0
1816,2301,0.49418666666666683,0.4423344444444447,1,1,0.5
2781,3112,0.298633333333333,0.2845999999999998,0,0,0.5
3107,2783,0.2673988888888884,0.11198222222222218,0,0,1.0
2037,1964,0.30240888888888917,0.004359999999999664,-4,-4,0.0
2294,1910,0.06685333333333345,0.24404333333333333,6,6,1.0
2034,2070,0.03987111111111114,0.21615111111111138,2,2,0.5
2123,2445,0.302291111111111,0.4211366666666662,-4,-4,0.0
1897,2221,0.6840988888888887,0.46369444444444435,3,3,1.0
2443,2126,0.2912577777777771,0.0914644444444443,0,0,1.0
1901,2288,0.042343333333333594,0.05310333333333314,1,1,0.0
2197,1824,0.20709333333333335,0.1373777777777776,1,1,0.5
2088,2245,0.9928744444444443,0.7846222222222217,2,2,1.0
2248,2085,0.8053333333333335,0.9923522222222222,1,1,0.5
2011,2209,0.9934444444444429,0.7906011111111113,3,3,0.0
2783,2781,0.21382222222222189,0.5827833333333329,0,0,0.5
2780,2336,0.6520583333333329,0.48537166666666687,2,2,1.0
2220,2402,0.3671572916666669,0.03825562500000014,-1,-1,0.0
2031,2017,0.6949666666666667,0.9934444444444429,1,1,1.0
2025,2023,0.9934444444444429,0.8204055555555553,0,0,0.0
2008,2040,0.9934444444444429,0.7440922222222224,2,1,1.0
2024,2024,0.9934444444444429,0.6934477777777781,-1,-1,0.0
2524,2419,-0.2623872222222219,-0.07234916666666659,2,2,1.0
2220,2593,-0.07472722222222225,-0.12351694444444442,-1,-1,0.0
2579,2532,-0.12952291666666632,-0.2000122222222224,1,1,0.5
2429,2068,0.26979111111111104,0.6281780555555554,2,2,1.0
1858,2296,0.012121111111111004,0.029968888888888795,4,1,0.0
1948,2067,0.2202433333333331,0.9929599999999995,1,0,0.5
2129,2056,0.1386861111111112,0.2044394444444443,2,2,1.0
2015,2067,0.25330555555555556,0.9929222222222218,-1,-1,0.0
1727,2317,0.0390744444444441,0.070528888888889,-3,-3,0.0
2331,1999,0.3818920000000001,0.14643266666666652,4,4,1.0
2066,2204,0.9785011111111112,0.9991805555555526,-1,-1,1.0
1951,2062,0.3173555555555554,0.9929455555555547,3,2,0.5
2062,1951,0.9927755555555556,0.007787777777778013,-1,-1,1.0
2631,2582,0.17731833333333324,0.28898250000000014,1,1,1.0
1926,2246,0.5408740437158471,0.21538756830601083,0,0,0.5
2581,2632,0.23766583333333324,0.12954416666666657,0,0,0.5
2633,2580,0.14825583333333298,0.23527833333333315,0,0,0.5
2633,2611,0.10414083333333336,0.49938249999999956,-1,-1,0.5
2068,1961,0.009221111111111093,0.2815033333333334,3,3,0.5
2779,2583,0.13179833333333285,0.17726,2,2,1.0
1862,2272,0.9942156862745085,0.7457745098039216,-1,-10,0.0
2269,1865,0.8650333333333333,0.9942156862745085,11,11,1.0
1860,2274,0.9942156862745085,0.6545137254901957,2,2,0.5
1879,2341,0.03508333333333332,0.06044555555555554,7,7,1.0
2008,2247,0.9934444444444429,0.5872288888888889,2,1,0.5
2386,2108,0.2313166666666665,0.3900522222222219,-12,-12,0.0
1946,2055,0.032262222222222206,0.10236111111111097,-10,-10,0.0
2634,2578,0.10585000000000003,0.2008750000000003,-2,-2,0.5
2569,2635,0.4274433333333333,0.23835166666666718,3,3,1.0
2619,2576,0.260072777777778,0.23242222222222222,1,1,1.0
2267,1862,0.8325225490196076,0.9942156862745085,2,-1,1.0
1863,2266,0.9942156862745085,0.8635009803921567,-6,-6,0.0
2262,1867,0.7972549019607844,0.9942156862745085,2,2,1.0
1852,2277,0.9942156862745085,0.7543058823529412,4,4,1.0
2049,2099,0.011123333333333341,0.15183333333333324,5,4,1.0
2025,2270,0.9942156862745085,0.7314196078431375,2,2,0.5
1855,2264,0.9942156862745085,0.7299127450980393,0,0,0.0
1937,2133,0.059797222222222154,0.0919687499999999,3,3,1.0
2042,2048,0.4235344444444444,0.0020166666666665404,3,3,1.0
1866,2247,0.9942156862745085,0.7519803921568627,-1,-1,0.0
1852,2261,0.9942156862745085,0.8482049019607849,-10,-10,0.0
2264,1843,0.8225039215686273,0.9942156862745085,14,6,1.0
1848,2259,0.9942156862745085,0.8627872549019606,-11,-11,0.0
2111,1959,0.12332291666666653,0.03805347222222225,1,1,1.0
2258,1849,0.9014617647058825,0.9942156862745085,10,10,1.0
1852,2255,0.9942156862745085,0.8429803921568629,-2,-2,0.0
2248,1859,0.7996509803921569,0.9942156862745085,8,8,1.0
1861,2246,0.9942156862745085,0.8334411764705881,-3,-3,0.0
2240,1867,0.8199509803921571,0.9942156862745085,13,13,1.0
2059,1991,0.9954791666666664,0.3136013888888886,-4,-4,0.0
